1.999999999998000065e-06,3.999999999996000129e-06,5.999999999994001243e+00
2.047038903379778058e-06,9.521111178510596740e-02,5.998300042461675474e+00
2.095069809675463169e-06,1.948902148535314460e-01,5.992874106746092444e+00
2.143978516258949541e-06,2.991597929663650790e-01,5.983195859327301136e+00
2.193620608217924061e-06,4.081154619940324246e-01,5.968688631662724120e+00
2.243817616226449989e-06,5.218180502852209912e-01,5.948725773251518412e+00
2.294353272600985452e-06,6.402846342142285430e-01,5.922632866481613689e+00
2.344970097539999010e-06,7.634786364083718802e-01,5.889692338007439965e+00
2.395366616146298678e-06,8.912992060079250045e-01,5.849151039427008314e+00
2.445195576353761561e-06,1.023570241264365466e+00,5.800231367164736973e+00
2.494063599430749460e-06,1.160029581130581189e+00,5.742146426596376863e+00
2.541532735629777033e-06,1.300319074043141843e+00,5.674119595824619111e+00
2.587124401661439212e-06,1.443976410229640406e+00,5.595408589639856878e+00
2.630326125886174176e-06,1.590429750535826248e+00,5.505333751854783131e+00
2.670601404389127686e-06,1.738996263323153268e+00,5.403309818182654212e+00
2.707402765085921204e-06,1.888885650059945132e+00,5.288879820167846191e+00
2.740187847869242257e-06,2.039209561205017618e+00,5.161749201800200915e+00
2.768437953909844641e-06,2.188997451928714533e+00,5.021817683836462543e+00
2.791678134590420903e-06,2.337218903378027068e+00,4.869206048704223022e+00
2.809497537651872550e-06,2.482811777459794644e+00,4.704274946765925947e+00
2.821568474173774741e-06,2.624714859696534397e+00,4.527633132976522035e+00
2.827662581649319094e-06,2.761902986727241771e+00,4.340133264857094275e+00
2.827662581649319094e-06,2.893422176571396331e+00,4.142854480090862879e+00
2.821568474173774741e-06,3.018422088651014690e+00,3.937072289544801595e+00
2.809497537651872550e-06,3.136183297843950779e+00,3.724217666189692189e+00
2.791678134590421327e-06,3.246137365802815644e+00,3.505828355067040825e+00
2.768437953909845065e-06,3.347878455890975324e+00,3.283496177893071799e+00
2.740187847869242257e-06,3.441166134533467424e+00,3.058814341807526205e+00
2.707402765085921204e-06,3.525919880111897609e+00,2.833328475089917475e+00
2.670601404389127686e-06,3.602206545455102660e+00,2.608494394984729681e+00
2.630326125886174176e-06,3.670222501236522383e+00,2.385644625803739594e+00
2.587124401661439212e-06,3.730272393093237771e+00,2.165964615344460498e+00
2.541532735629777033e-06,3.782746397216412593e+00,1.950478611064712764e+00
2.494063599430749460e-06,3.828097617730918056e+00,1.740044371695871783e+00
2.445195576353761561e-06,3.866820911443157982e+00,1.535355361896548310e+00
2.395366616146298678e-06,3.899434026284672505e+00,1.336948809011887729e+00
2.344970097539999010e-06,3.926461558671626495e+00,1.145217954612557820e+00
2.294353272600985452e-06,3.948421910987742756e+00,9.604269513213428144e-01
2.243817616226449989e-06,3.965817182167679089e+00,7.827270754278314868e-01
2.193620608217924061e-06,3.979125754441815932e+00,6.121731929910486647e-01
2.143978516258949541e-06,3.988797239551534091e+00,4.487396894495476185e-01
2.095069809675463169e-06,3.995249404497394963e+00,2.923353222802971829e-01
2.047038903379778058e-06,3.998866694974450020e+00,1.428166676776589372e-01
1.999999999997999641e-06,3.999999999995999644e+00,5.999999999993998924e-06
4.760555589255298370e-02,4.094077806759556115e-06,5.998300042461675474e+00
4.875149494180870680e-02,9.750298988361741359e-02,5.996433877842472171e+00
4.992205762993178614e-02,1.996882305197271446e-01,5.990646915591814725e+00
5.111429796607146192e-02,3.066857877964287438e-01,5.980372862030360892e+00
5.232447598526048654e-02,4.185958078820838923e-01,5.964990262319695091e+00
5.354795526016659091e-02,5.354795526016659091e-01,5.943823033878491202e+00
5.477910356647767293e-02,6.573492427977321029e-01,5.916143185179588926e+00
5.601120336112038606e-02,7.841568470556855575e-01,5.881176352917640848e+00
5.723638070321424715e-02,9.157820912514279543e-01,5.838110831727853167e+00
5.844556321868035059e-02,1.052020137936246380e+00,5.786110758649354757e+00
5.962847939999439684e-02,1.192569587999887881e+00,5.724334022399462540e+00
6.077371254627639968e-02,1.337021676018080862e+00,5.651955266803704525e+00
6.186882248897459385e-02,1.484851739735390197e+00,5.568194024007714127e+00
6.290054637224390399e-02,1.635414205678341393e+00,5.472347534385219703e+00
6.385508568141008701e-02,1.787942399079482714e+00,5.363827197238448363e+00
6.471848016905734635e-02,1.941554405071720613e+00,5.242196893693645166e+00
6.547706044716512797e-02,2.095265934309284095e+00,5.107210714878879010e+00
6.611796049072862780e-02,2.248010656684773512e+00,4.958847036804646891e+00
6.662966046527694919e-02,2.398667776749970226e+00,4.797335553499940453e+00
6.700252101728081111e-02,2.546095798656670794e+00,4.623173950192375870e+00
6.722926454528142803e-02,2.689170581811257232e+00,4.437131459988574278e+00
6.730535881360645567e-02,2.826825070171471221e+00,4.240237605257206610e+00
6.722926454528142803e-02,2.958087639992383000e+00,4.033755872716885627e+00
6.700252101728081111e-02,3.082115966794916950e+00,3.819143697985006192e+00
6.662966046527694919e-02,3.198223702333293783e+00,3.598001665124955117e+00
6.611796049072862780e-02,3.305898024536431556e+00,3.372015985027160490e+00
6.547706044716512797e-02,3.404807143252586155e+00,3.142898901463926364e+00
6.471848016905734635e-02,3.494797929129096925e+00,2.912331607607581141e+00
6.385508568141008701e-02,3.575884798158965427e+00,2.681913598619224182e+00
6.290054637224390399e-02,3.648231689590146321e+00,2.453121308517512311e+00
6.186882248897459385e-02,3.712129349338475937e+00,2.227277609603085295e+00
6.077371254627639968e-02,3.767970177869136350e+00,2.005532514027121405e+00
5.962847939999439684e-02,3.816222681599641398e+00,1.788854381999831933e+00
5.844556321868035059e-02,3.857407172432903320e+00,1.578030206904369681e+00
5.723638070321424715e-02,3.892073887818568778e+00,1.373673136877141987e+00
5.601120336112038606e-02,3.920784235278427232e+00,1.176235270583528392e+00
5.477910356647767293e-02,3.944095456786392617e+00,9.860238641965981543e-01
5.354795526016659091e-02,3.962548689252327616e+00,8.032193289024989191e-01
5.232447598526048654e-02,3.976660174879796728e+00,6.278937118231258108e-01
5.111429796607146192e-02,3.986915241353573780e+00,4.600286816946431157e-01
4.992205762993178614e-02,3.993764610394543002e+00,2.995323457795907029e-01
4.875149494180870680e-02,3.997622585228314485e+00,1.462544848254261343e-01
4.760555589255298370e-02,3.998866694974450020e+00,6.141116710139334596e-06
9.744510742676572301e-02,4.190139619350926338e-06,5.992874106746092444e+00
9.984411525986357228e-02,9.984411525986357228e-02,5.990646915591814725e+00
1.022954338575128991e-01,2.045908677150257982e-01,5.984282880664504312e+00
1.047925034124492227e-01,3.143775102373476682e-01,5.973172694509605307e+00
1.073269699270509581e-01,4.293078797082038323e-01,5.956646830951328297e+00
1.098884511589512114e-01,5.494422557947560293e-01,5.933976362583365471e+00
1.124643114231066443e-01,6.747858685386398658e-01,5.904376349713098548e+00
1.150394617086101523e-01,8.052762319602712049e-01,5.867012547139117906e+00
1.175962064075709440e-01,9.407696512605675521e-01,5.821012217174761361e+00
1.201141627076408452e-01,1.081027464368767621e+00,5.765479809966760349e+00
1.225702826071791152e-01,1.225702826071791263e+00,5.699518141233829382e+00
1.249390095108848520e-01,1.374329104619733455e+00,5.622255427989818699e+00
1.271926001497786785e-01,1.526311201797344141e+00,5.532878106515372707e+00
1.293016367670471733e-01,1.680921277971613170e+00,5.430668744215982002e+00
1.312357429849573265e-01,1.837300401789402793e+00,5.315047590890772611e+00
1.329644990629067214e-01,1.994467485943600904e+00,5.185615463453362217e+00
1.344585290905628561e-01,2.151336465449005697e+00,5.042194840896107699e+00
1.356907063105516620e-01,2.306742007279378281e+00,4.884865427179859054e+00
1.366373971370310192e-01,2.459473148466558623e+00,4.713990201227569621e+00
1.372796446109160462e-01,2.608313247607404683e+00,4.530228272160229608e+00
1.376041832307562940e-01,2.752083664615125880e+00,4.334531771768823205e+00
1.376041832307562940e-01,2.889687847845882285e+00,4.128125496922688598e+00
1.372796446109160462e-01,3.020152181440153072e+00,3.912469871411107025e+00
1.366373971370310192e-01,3.142660134151713081e+00,3.689209722699837712e+00
1.356907063105516897e-01,3.256576951453240554e+00,3.460113010919067200e+00
1.344585290905628561e-01,3.361463227264071651e+00,3.227004698173508324e+00
1.329644990629067491e-01,3.457076975635575256e+00,2.991701228915401689e+00
1.312357429849573265e-01,3.543365060593848259e+00,2.755950602684104300e+00
1.293016367670471733e-01,3.620445829477321187e+00,2.521381916957419644e+00
1.271926001497786785e-01,3.688585404343581509e+00,2.289466802696016323e+00
1.249390095108848658e-01,3.748170285326545947e+00,2.061493656929600515e+00
1.225702826071791152e-01,3.799678760822552626e+00,1.838554239107686783e+00
1.201141627076408591e-01,3.843653206644507492e+00,1.621541196553151654e+00
1.175962064075709579e-01,3.880674811449841943e+00,1.411154476890851495e+00
1.150394617086101523e-01,3.911341698092745123e+00,1.207914347940406863e+00
1.124643114231066443e-01,3.936250899808732662e+00,1.012178802807959688e+00
1.098884511589512114e-01,3.955984241722243944e+00,8.241633836921340439e-01
1.073269699270509581e-01,3.971097887300885532e+00,6.439618195623058039e-01
1.047925034124492227e-01,3.982115129673070353e+00,4.715662653560215301e-01
1.022954338575128991e-01,3.989521920443003022e+00,3.068863015725387111e-01
9.984411525986357228e-02,3.993764610394543002e+00,1.497661728897953515e-01
9.744510742676572301e-02,3.995249404497394963e+00,6.285209429026389084e-06
1.495798964831825395e-01,4.287957032517899082e-06,5.983195859327301136e+00
1.533428938982143719e-01,1.022285959321429238e-01,5.980372862030360892e+00
1.571887551186738341e-01,2.095850068248984455e-01,5.973172694509605307e+00
1.611064840623164240e-01,3.222129681246328481e-01,5.960939910305707023e+00
1.650820455296252709e-01,4.402187880790007224e-01,5.942953639066510085e+00
1.690979666326624664e-01,5.636598887755415177e-01,5.918428832143186824e+00
1.731329570474283985e-01,6.925318281897135941e-01,5.886520539612565273e+00
1.771615786072477661e-01,8.267540335004895935e-01,5.846332094039175864e+00
1.811540035917505453e-01,9.661546858226695011e-01,5.796928114936017451e+00
1.850759095426907086e-01,1.110455457256144474e+00,5.737353195823411411e+00
1.888885650061675747e-01,1.259257100041117239e+00,5.666656950185028130e+00
1.925491631417040050e-01,1.412027196372496185e+00,5.583925731109416368e+00
1.960114561154403523e-01,1.568091648923522818e+00,5.488320771232329420e+00
1.992267300512758355e-01,1.726631660444390315e+00,5.379121711384447835e+00
2.021451361587627282e-01,1.886687937481785537e+00,5.255773540127830934e+00
2.047173581804820897e-01,2.047173581804821119e+00,5.117933954512052352e+00
2.068965517241379282e-01,2.206896551724137900e+00,4.965517241379310498e+00
2.086404427262162908e-01,2.364591684230451296e+00,4.798730182702974467e+00
2.099134285623958651e-01,2.518961142748750603e+00,4.618095428372710032e+00
2.106884961661870670e-01,2.668720951438369848e+00,4.424458419489928573e+00
2.109487661803889913e-01,2.812650215738520032e+00,4.218975323607780048e+00
2.106884961661870670e-01,2.949638946326619049e+00,4.003081427157554550e+00
2.099134285623958651e-01,3.078730285581806392e+00,3.778441714123125905e+00
2.086404427262162908e-01,3.199153455135316459e+00,3.546887526345677166e+00
2.068965517241379282e-01,3.310344827586206851e+00,3.310344827586206851e+00
2.047173581804820897e-01,3.411955969674701716e+00,3.070760372707231678e+00
2.021451361587627282e-01,3.503849026751887141e+00,2.830031906222678195e+00
1.992267300512758355e-01,3.586081140922964927e+00,2.589947490666585583e+00
1.960114561154403523e-01,3.658880514154886576e+00,2.352137473385284228e+00
1.925491631417040328e-01,3.722617154072944690e+00,2.118040794558744722e+00
1.888885650061675747e-01,3.777771300123351939e+00,1.888885650061675747e+00
1.850759095426907086e-01,3.824902130548941237e+00,1.665683185884216710e+00
1.811540035917505453e-01,3.864618743290678005e+00,1.449232028734004363e+00
1.771615786072477661e-01,3.897554729359451464e+00,1.240131050250734557e+00
1.731329570474283985e-01,3.924347026408376848e+00,1.038797742284570447e+00
1.690979666326624664e-01,3.945619221428791068e+00,8.454898331633122766e-01
1.650820455296252709e-01,3.961969092711006724e+00,6.603281821185010836e-01
1.611064840623164240e-01,3.973959940203805274e+00,4.833194521869492721e-01
1.571887551186738341e-01,3.982115129673070353e+00,3.143775102373476682e-01
1.533428938982143719e-01,3.986915241353573780e+00,1.533428938982143719e-01
1.495798964831825395e-01,3.988797239551534091e+00,6.431935548776848623e-06
2.040577309970162123e-01,4.387241216435848122e-06,5.968688631662724120e+00
2.092979039410419462e-01,1.046489519705209731e-01,5.964990262319695091e+00
2.146539398541019161e-01,2.146539398541019161e-01,5.956646830951328297e+00
2.201093940395003612e-01,3.301640910592505418e-01,5.942953639066510085e+00
2.256432509306072753e-01,4.512865018612145507e-01,5.923135336928440964e+00
2.312293252064320237e-01,5.780733130160800037e-01,5.896347792764016660e+00
2.368356985669347881e-01,7.105070957008043919e-01,5.861683539531636455e+00
2.424242424242424587e-01,8.484848484848486194e-01,5.818181818181819231e+00
2.479502909494974983e-01,9.918011637979899930e-01,5.764844264575815558e+00
2.533625420878145573e-01,1.140131439395165591e+00,5.700657196975827290e+00
2.586032735340944022e-01,1.293016367670472011e+00,5.624621199366552915e+00
2.636089625275746529e-01,1.449849293901660729e+00,5.535788213079068321e+00
2.683113883622150753e-01,1.609868330173290341e+00,5.433305614334854816e+00
2.726392706363988117e-01,1.772155259136592109e+00,5.316465777409776550e+00
2.765204519281133644e-01,1.935643163496793884e+00,5.184758473652125943e+00
2.798845714165278387e-01,2.099134285623958540e+00,5.037922285497501207e+00
2.826661013350293405e-01,2.261328810680234724e+00,4.875990248029256513e+00
2.848075418035617146e-01,2.420864105330274629e+00,4.699324439758768790e+00
2.862625067858052819e-01,2.576362561072247370e+00,4.508634481876432787e+00
2.869984013336701056e-01,2.726484812669866198e+00,4.304976020005051751e+00
2.869984013336700501e-01,2.869984013336700723e+00,4.089727219004798187e+00
2.862625067858052819e-01,3.005756321250955043e+00,3.864543841608370833e+00
2.848075418035617146e-01,3.132882959839179193e+00,3.631296157995412166e+00
2.826661013350293405e-01,3.250660165352837527e+00,3.391993216020352087e+00
2.798845714165278387e-01,3.358614856998333842e+00,3.148701428435937810e+00
2.765204519281133644e-01,3.456505649101417443e+00,2.903464745245190937e+00
2.726392706363988117e-01,3.544310518273184218e+00,2.658232888704888275e+00
2.683113883622150753e-01,3.622203742889903211e+00,2.414802495259935622e+00
2.636089625275746529e-01,3.690525475386045695e+00,2.174773940852491094e+00
2.586032735340943467e-01,3.749747466244367722e+00,1.939524551505707795e+00
2.533625420878145573e-01,3.800438131317218193e+00,1.710197159092748276e+00
2.479502909494974983e-01,3.843229509717210668e+00,1.487701745696984990e+00
2.424242424242424032e-01,3.878787878787878451e+00,1.272727272727272707e+00
2.368356985669347881e-01,3.907789026354424156e+00,1.065760643551206588e+00
2.312293252064320237e-01,3.930898528509344292e+00,8.671099695241200056e-01
2.256432509306072753e-01,3.948756891285627457e+00,6.769297527918218815e-01
2.201093940395003612e-01,3.961969092711006724e+00,4.952461365888758404e-01
2.146539398541019161e-01,3.971097887300885532e+00,3.219809097811529019e-01
2.092979039410419462e-01,3.976660174879796728e+00,1.569734279557814527e-01
2.040577309970162123e-01,3.979125754441815932e+00,6.580861824653772607e-06
2.609090251426104956e-01,4.487635232452899978e-06,5.948725773251518412e+00
2.677397763008329545e-01,1.070959105203331818e-01,5.943823033878491202e+00
2.747211278973780146e-01,2.197769023179024228e-01,5.933976362583365471e+00
2.818299443877707589e-01,3.381959332653249328e-01,5.918428832143186824e+00
2.890366565080400019e-01,4.624586504128640474e-01,5.896347792764016660e+00
2.963044254729798599e-01,5.926088509459597198e-01,5.866827624365002158e+00
3.035883703594581817e-01,7.286120888626995695e-01,5.828896710901596556e+00
3.108349360801045957e-01,8.703378210242930235e-01,5.781529811089945348e+00
3.179815003744466684e-01,1.017540801198229206e+00,5.723667006740039476e+00
3.249563369256413536e-01,1.169842812932309073e+00,5.654240262506159631e+00
3.316790634033296992e-01,1.326716253613318797e+00,5.572208265175939701e+00
3.380617018914066629e-01,1.487471488322189339e+00,5.476599570640788173e+00
3.440104580768907350e-01,1.651250198769075528e+00,5.366563145999495354e+00
3.494282789073061002e-01,1.817027050317991721e+00,5.241424183609592724e+00
3.542181734879072397e-01,1.983621771532280587e+00,5.100741698225863985e+00
3.582871819500093036e-01,2.149723091700055821e+00,4.944363110910128256e+00
3.615507630310936249e-01,2.313924883398999377e+00,4.772470072010436049e+00
3.639372626234194663e-01,2.474773385839252438e+00,4.585609509055085020e+00
3.653920476209348012e-01,2.630822742870730480e+00,4.384704571451218058e+00
3.658808666323011272e-01,2.780694586405488611e+00,4.171041879608233138e+00
3.653920476209348012e-01,2.923136380967478409e+00,3.946234114306095719e+00
3.639372626234194663e-01,3.057073006036723495e+00,3.712160078758878434e+00
3.615507630310936249e-01,3.181646714673624032e+00,3.470887325098499065e+00
3.582871819500093036e-01,3.296242073940085504e+00,3.224584637550083954e+00
3.542181734879072397e-01,3.400494465483909323e+00,2.975432657298420658e+00
3.494282789073061002e-01,3.494282789073061668e+00,2.725540575476987470e+00
3.440104580768907350e-01,3.577708763999663422e+00,2.476875298153613514e+00
3.380617018914066629e-01,3.651066380427192115e+00,2.231207232483284120e+00
3.316790634033296992e-01,3.714805510117292986e+00,1.990074380419978084e+00
3.249563369256413536e-01,3.769493508337439902e+00,1.754764219398463609e+00
3.179815003744466684e-01,3.815778004493359798e+00,1.526311201797343919e+00
3.108349360801045957e-01,3.854353207393296898e+00,1.305506731536439480e+00
3.035883703594581817e-01,3.885931140601064371e+00,1.092918133294049410e+00
2.963044254729798599e-01,3.911218416243334772e+00,8.889132764189395797e-01
2.890366565080400019e-01,3.930898528509344292e+00,6.936879756192960711e-01
2.818299443877707589e-01,3.945619221428791068e+00,5.072938998979874548e-01
2.747211278973780146e-01,3.955984241722243944e+00,3.296653534768536620e-01
2.677397763008329545e-01,3.962548689252327616e+00,1.606438657804997727e-01
2.609090251426104956e-01,3.965817182167679089e+00,6.731452848679349967e-06
3.201423171071142715e-01,4.588706545201970904e-06,5.922632866481613689e+00
3.286746213988660514e-01,1.095582071329553459e-01,5.916143185179588926e+00
3.373929342693199329e-01,2.249286228462132886e-01,5.904376349713098548e+00
3.462659140948567971e-01,3.462659140948567971e-01,5.886520539612565273e+00
3.552535478504021960e-01,4.736713971338695761e-01,5.861683539531636455e+00
3.643060444313497848e-01,6.071767407189163634e-01,5.828896710901596556e+00
3.733628347722330321e-01,7.467256695444660641e-01,5.787123938969612524e+00
3.823517927262997107e-01,8.921541830280327323e-01,5.735276890894495772e+00
3.911888199832850854e-01,1.043170186622093487e+00,5.672237889757633766e+00
3.997779627916617229e-01,1.199333888374985113e+00,5.596891479083264009e+00
4.080122405508275762e-01,1.360040801836091884e+00,5.508165247436171974e+00
4.157753572051422486e-01,1.524509643085521615e+00,5.405079643666848455e+00
4.229444261101448221e-01,1.691777704440579289e+00,5.286805326376811109e+00
4.293937601787078950e-01,1.860706294107734138e+00,5.152725122144494740e+00
4.349996601566482601e-01,2.029998414064358769e+00,5.002496091801454270e+00
4.396459832683870528e-01,2.198229916341935208e+00,4.836105815952258524e+00
4.432301130918706589e-01,2.363893936489976699e+00,4.653916187464641752e+00
4.456688116249244991e-01,2.525456599207905661e+00,4.456688116249245546e+00
4.469033536343152146e-01,2.681420121805891288e+00,4.245581859525994872e+00
4.469033536343152146e-01,2.830387906350662952e+00,4.022130182708837154e+00
4.456688116249244991e-01,2.971125410832830216e+00,3.788184898811858492e+00
4.432301130918706589e-01,3.102610791643094501e+00,3.545840904734965271e+00
4.396459832683870528e-01,3.224070543968172053e+00,3.297344874512902813e+00
4.349996601566482601e-01,3.334997394534302995e+00,3.044997621096538154e+00
4.293937601787078950e-01,3.435150081429663160e+00,2.791059441161601207e+00
4.229444261101448221e-01,3.524536884251207258e+00,2.537666556660869155e+00
4.157753572051422486e-01,3.603386429111232303e+00,2.286764464628282312e+00
4.080122405508275762e-01,3.672110164957448131e+00,2.040061202754137604e+00
3.997779627916617229e-01,3.731260986055509488e+00,1.799000832562477559e+00
3.911888199832850854e-01,3.781491926505089030e+00,1.564755279933140120e+00
3.823517927262997107e-01,3.823517927262997329e+00,1.338231274542049043e+00
3.733628347722330321e-01,3.858082625979741387e+00,1.120088504316699041e+00
3.643060444313497848e-01,3.885931140601064371e+00,9.107651110783745452e-01
3.552535478504021960e-01,3.907789026354424156e+00,7.105070957008043919e-01
3.462659140948567971e-01,3.924347026408376848e+00,5.193988711422852234e-01
3.373929342693199329e-01,3.936250899808732662e+00,3.373929342693199329e-01
3.286746213988660514e-01,3.944095456786392617e+00,1.643373106994330257e-01
3.201423171071142715e-01,3.948421910987742756e+00,6.883059817802956356e-06
3.817393182041859401e-01,4.689940195079998020e-06,5.889692338007439965e+00
3.920784235278427787e-01,1.120224067222407721e-01,5.881176352917640848e+00
4.026381159801356024e-01,2.300789234172203046e-01,5.867012547139117906e+00
4.133770167502447968e-01,3.543231572144955321e-01,5.846332094039175864e+00
4.242424242424243097e-01,4.848484848484849175e-01,5.818181818181819231e+00
4.351689105121465118e-01,6.216698721602091915e-01,5.781529811089945348e+00
4.460770915140163662e-01,7.647035854525994214e-01,5.735276890894495772e+00
4.568727332153863507e-01,9.137454664307727015e-01,5.678275398534086804e+00
4.674463943059244952e-01,1.068448901270684370e+00,5.609356731671093499e+00
4.776738357544582647e-01,1.228304149082892538e+00,5.527368670873016754e+00
4.874174366759539967e-01,1.392621247645582594e+00,5.431222865817772139e+00
4.965288314923361201e-01,1.560519184690199124e+00,5.319951765989315184e+00
5.048529121822331600e-01,1.730924270339085025e+00,5.192772811017254853e+00
5.122332132852216446e-01,1.902580506487965950e+00,5.049155959525755577e+00
5.185185185185186008e-01,2.074074074074074403e+00,4.888888888888889284e+00
5.235703144047360036e-01,2.243872776020297000e+00,4.712132829642623477e+00
5.272705040082966699e-01,2.410379446895070110e+00,4.519461462928257234e+00
5.295286321305636701e-01,2.571996213205594461e+00,4.311876004491732139e+00
5.302878133549991935e-01,2.727194468682852868e+00,4.090791703024279080e+00
5.295286321305636701e-01,2.874584002994488241e+00,3.857994319808391914e+00
5.272705040082966699e-01,3.012974308618837860e+00,3.615569170342605165e+00
5.235703144047360036e-01,3.141421886428415799e+00,3.365809164030445721e+00
5.185185185185186008e-01,3.259259259259259522e+00,3.111111111111111605e+00
5.122332132852216446e-01,3.366103973017170681e+00,2.853870759731949036e+00
5.048529121822331600e-01,3.461848540678170050e+00,2.596386405508627426e+00
4.965288314923361201e-01,3.546634510659543604e+00,2.340778777035298575e+00
4.874174366759539967e-01,3.620815243878514611e+00,2.088931871468374002e+00
4.776738357544582647e-01,3.684912447248677836e+00,1.842456223624338918e+00
4.674463943059244952e-01,3.739571154447395962e+00,1.602673351906026555e+00
4.568727332153863507e-01,3.785516932356057573e+00,1.370618199646159052e+00
4.460770915140163106e-01,3.823517927262996441e+00,1.147055378178899021e+00
4.351689105121465118e-01,3.854353207393296898e+00,9.325048082403137872e-01
4.242424242424243097e-01,3.878787878787879340e+00,7.272727272727274039e-01
4.133770167502448523e-01,3.897554729359451464e+00,5.314847358217432705e-01
4.026381159801356580e-01,3.911341698092745567e+00,3.451183851258304847e-01
3.920784235278427787e-01,3.920784235278427232e+00,1.680336100833611512e-01
3.817393182041859401e-01,3.926461558671626495e+00,7.034910292619996606e-06
4.456496030039625023e-01,4.790733232292597357e-06,5.849151039427008314e+00
4.578910456257139772e-01,1.144727614064284943e-01,5.838110831727853167e+00
4.703848256302837760e-01,2.351924128151418880e-01,5.821012217174761361e+00
4.830773429113347506e-01,3.623080071835010907e-01,5.796928114936017451e+00
4.959005818989949965e-01,4.959005818989949965e-01,5.764844264575815558e+00
5.087704005991146028e-01,6.359630007488933368e-01,5.723667006740039476e+00
5.215850933110467436e-01,7.823776399665701708e-01,5.672237889757633766e+00
5.342244506353421851e-01,9.348927886118489905e-01,5.609356731671093499e+00
5.465495885481240768e-01,1.093099177096248154e+00,5.533814584049755680e+00
5.584038502078209065e-01,1.256408662967597012e+00,5.444437539526253644e+00
5.696150836071234291e-01,1.424037709017808684e+00,5.340141408816783120e+00
5.799995468755310135e-01,1.594998753907710398e+00,5.219995921879778678e+00
5.893675749470058678e-01,1.768102724841017714e+00,5.083295333917925873e+00
5.975309495786168545e-01,1.941975586130504805e+00,4.929630334023589633e+00
6.043116596803983498e-01,2.115090808881394668e+00,4.758954319983137005e+00
6.095514542075675113e-01,2.285817953278378223e+00,4.571635906556755558e+00
6.131213321914779080e-01,2.452485328765911632e+00,4.368489491864280261e+00
6.149299536192702753e-01,2.613452302881898781e+00,4.150777186930074691e+00
6.149299536192702753e-01,2.767184791286716461e+00,3.920178454322848172e+00
6.131213321914779080e-01,2.912326327909520174e+00,3.678727993148867448e+00
6.095514542075675113e-01,3.047757271037837334e+00,3.428726929917567112e+00
6.043116596803983498e-01,3.172636213322091336e+00,3.172636213322092225e+00
5.975309495786168545e-01,3.286420222682393089e+00,2.912963379195756985e+00
5.893675749470058678e-01,3.388863555945283768e+00,2.652154087261526350e+00
5.799995468755310135e-01,3.479997281253186081e+00,2.392498130861565819e+00
5.696150836071234291e-01,3.560094272544521932e+00,2.136056563526713248e+00
5.584038502078209065e-01,3.629625026350835615e+00,1.884612994451395629e+00
5.465495885481240768e-01,3.689209722699837268e+00,1.639648765644372119e+00
5.342244506353421851e-01,3.739571154447395962e+00,1.402339182917773375e+00
5.215850933110467436e-01,3.781491926505089030e+00,1.173566459949855201e+00
5.087704005991147138e-01,3.815778004493360243e+00,9.539445011233400606e-01
4.959005818989948855e-01,3.843229509717210224e+00,7.438508728484922727e-01
4.830773429113347506e-01,3.864618743290678005e+00,5.434620107752516915e-01
4.703848256302837760e-01,3.880674811449841055e+00,3.527886192227128181e-01
4.578910456257139772e-01,3.892073887818568778e+00,1.717091421096427484e-01
4.456496030039625023e-01,3.899434026284672061e+00,7.186099848438896035e-06
5.117851206321827329e-01,4.890391152707523122e-06,5.800231367164736973e+00
5.260100689681231900e-01,1.168911264373607012e-01,5.786110758649354757e+00
5.405137321843838105e-01,2.402283254152816905e-01,5.765479809966760349e+00
5.552277286280722368e-01,3.701518190853814172e-01,5.737353195823411411e+00
5.700657196975827956e-01,5.067250841756291146e-01,5.700657196975827290e+00
5.849214064661545365e-01,6.499126738512827073e-01,5.654240262506159631e+00
5.996669441874925566e-01,7.995559255833234458e-01,5.596891479083264009e+00
6.141520745414462690e-01,9.553476715089165294e-01,5.527368670873016754e+00
6.282043314837985060e-01,1.116807700415641813e+00,5.444437539526253644e+00
6.416307052195672211e-01,1.283261410439134442e+00,5.346922543496392954e+00
6.542211277663326774e-01,1.453824728369627950e+00,5.233769022130660531e+00
6.657540493097783285e-01,1.627398787201680186e+00,5.104114378041632705e+00
6.760041895698116754e-01,1.802677838852831060e+00,4.957364056845285916e+00
6.847522712176801196e-01,1.978173227962186864e+00,4.793265898523761059e+00
6.917961978216791152e-01,2.152254837667446186e+00,4.611974652144526843e+00
6.969627833961297148e-01,2.323209277987098975e+00,4.414097628175488452e+00
7.001188574259726849e-01,2.489311493070124559e+00,4.200713144555836109e+00
7.011804484184578357e-01,2.648903916247507428e+00,3.973355874371261365e+00
7.001188574259726849e-01,2.800475429703890740e+00,3.733967239605187061e+00
6.969627833961297148e-01,2.942731752116992006e+00,3.484813916980648685e+00
6.917961978216791152e-01,3.074649768096351377e+00,3.228382256501169500e+00
6.847522712176801196e-01,3.195510599015840558e+00,2.967259841943280296e+00
6.760041895698116754e-01,3.304909371230190462e+00,2.704016758279246702e+00
6.657540493097783285e-01,3.402742918694421803e+00,2.441098180802520279e+00
6.542211277663326774e-01,3.489179348087107169e+00,2.180737092554442036e+00
6.416307052195672211e-01,3.564615028997595303e+00,1.924892115658701552e+00
6.282043314837985060e-01,3.629625026350835615e+00,1.675211550623462831e+00
6.141520745414463800e-01,3.684912447248678280e+00,1.433021507263374961e+00
5.996669441874925566e-01,3.731260986055509488e+00,1.199333888374985113e+00
5.849214064661545365e-01,3.769493508337439902e+00,9.748690107769240054e-01
5.700657196975827956e-01,3.800438131317218193e+00,7.600876262634437275e-01
5.552277286280722368e-01,3.824902130548941237e+00,5.552277286280721258e-01
5.405137321843839215e-01,3.843653206644507492e+00,3.603424881229225774e-01
5.260100689681231900e-01,3.857407172432903320e+00,1.753366896560410448e-01
5.117851206321827329e-01,3.866820911443157982e+00,7.335586729061284683e-06
5.800147905652905944e-01,4.988127198861498919e-06,5.742146426596376863e+00
5.962847939999439406e-01,1.192569587999887937e-01,5.724334022399462540e+00
6.128514130358956313e-01,2.451405652143582303e-01,5.699518141233829382e+00
6.296285500205586194e-01,3.777771300123351494e-01,5.666656950185028130e+00
6.465081838352360055e-01,5.172065470681888044e-01,5.624621199366552915e+00
6.633581268066593983e-01,6.633581268066593983e-01,5.572208265175939701e+00
6.800204009180459419e-01,8.160244811016551525e-01,5.508165247436171974e+00
6.963106238227912970e-01,9.748348733519079934e-01,5.431222865817772139e+00
7.120188545089043419e-01,1.139230167214246858e+00,5.340141408816783120e+00
7.269123641848139750e-01,1.308442255532665355e+00,5.233769022130660531e+00
7.407407407407406996e-01,1.481481481481481399e+00,5.111111111111110716e+00
7.532435771547093539e-01,1.657135869740360645e+00,4.971407609221081714e+00
7.641607199008702000e-01,1.833985727762088347e+00,4.814212535375482105e+00
7.732446730270591262e-01,2.010436149870353795e+00,4.639468038162354979e+00
7.802743146408704922e-01,2.184768080994437423e+00,4.447563593452962039e+00
7.850686719788595447e-01,2.355206015936578634e+00,4.239370828685841808e+00
7.874992309581577699e-01,2.519997539066105130e+00,4.016246077886604482e+00
7.874992309581577699e-01,2.677497385257736617e+00,3.779996308599157473e+00
7.850686719788595447e-01,2.826247219123894538e+00,3.532809023904867729e+00
7.802743146408704922e-01,2.965042395635308026e+00,3.277152121491655912e+00
7.732446730270591262e-01,3.092978692108236505e+00,3.015654224805530692e+00
7.641607199008702000e-01,3.209475023583654441e+00,2.750978591643132631e+00
7.532435771547093539e-01,3.314271739480721291e+00,2.485703804610540857e+00
7.407407407407406996e-01,3.407407407407406996e+00,2.222222222222222321e+00
7.269123641848139750e-01,3.489179348087107169e+00,1.962663383298997921e+00
7.120188545089043419e-01,3.560094272544521932e+00,1.708845250821370287e+00
6.963106238227912970e-01,3.620815243878514611e+00,1.462252310027861935e+00
6.800204009180459419e-01,3.672110164957448131e+00,1.224036721652482784e+00
6.633581268066593983e-01,3.714805510117292986e+00,9.950371902099890420e-01
6.465081838352360055e-01,3.749747466244368610e+00,7.758098206022832066e-01
6.296285500205586194e-01,3.777771300123351939e+00,5.666656950185027242e-01
6.128514130358957424e-01,3.799678760822553070e+00,3.677108478215374010e-01
5.962847939999439406e-01,3.816222681599641398e+00,1.788854381999832044e-01
5.800147905652905944e-01,3.828097617730918056e+00,7.482190798292248379e-06
6.501595370215709213e-01,5.083065471259554066e-06,5.674119595824619111e+00
6.685108380090404312e-01,1.215474250925527994e-01,5.651955266803704525e+00
6.871645523098667274e-01,2.498780190217697039e-01,5.622255427989818699e+00
7.060135981862480925e-01,3.850983262834080101e-01,5.583925731109416368e+00
7.249246469508303647e-01,5.272179250551493057e-01,5.535788213079068321e+00
7.437357441610946696e-01,6.761234037828133259e-01,5.476599570640788173e+00
7.622548215427608076e-01,8.315507144102844972e-01,5.405079643666848455e+00
7.802595923450995619e-01,9.930576629846722403e-01,5.319951765989315184e+00
7.974993769538551991e-01,1.159999093751062027e+00,5.219995921879778678e+00
8.136993936008400929e-01,1.331508098619556657e+00,5.104114378041632705e+00
8.285679348701803226e-01,1.506487154309418708e+00,4.971407609221081714e+00
8.418066049727190858e-01,1.683613209945438172e+00,4.821256010298299088e+00
8.531234077624294532e-01,1.861360162390755191e+00,4.653400405976888088e+00
8.622479818365825777e-01,2.038040684341013264e+00,4.468012269516837165e+00
8.689477560867007178e-01,2.211867015493420130e+00,4.265743529880166918e+00
8.730433691457996082e-01,2.381027370397635234e+00,4.047746529675979588e+00
8.744214968688808209e-01,2.543771627254925782e+00,3.815657440882388673e+00
8.730433691457996082e-01,2.698497686450652910e+00,3.571541055596452630e+00
8.689477560867007178e-01,2.843829019920111278e+00,3.317800523240130417e+00
8.622479818365825777e-01,2.978674846344557814e+00,3.057061026511520119e+00
8.531234077624294532e-01,3.102266937317925244e+00,2.792040243586132675e+00
8.418066049727190858e-01,3.214170673532199540e+00,2.525419814918157257e+00
8.285679348701803226e-01,3.314271739480721291e+00,2.259730731464128173e+00
8.136993936008400929e-01,3.402742918694421803e+00,1.997262147929335097e+00
7.974993769538551991e-01,3.479997281253186081e+00,1.739998640626593041e+00
7.802595923450995619e-01,3.546634510659543604e+00,1.489586494477008305e+00
7.622548215427608076e-01,3.603386429111232303e+00,1.247326071615426635e+00
7.437357441610946696e-01,3.651066380427192115e+00,1.014185105674219933e+00
7.249246469508303647e-01,3.690525475386045695e+00,7.908268875827240141e-01
7.060135981862482035e-01,3.722617154072944690e+00,5.776474894251121261e-01
6.871645523098667274e-01,3.748170285326545503e+00,3.748170285326545281e-01
6.685108380090404312e-01,3.767970177869136350e+00,1.823211376388292060e-01
6.501595370215709213e-01,3.782746397216412593e+00,7.624598206889331522e-06
7.219882051148202029e-01,5.174248803322878424e-06,5.595408589639856878e+00
7.424258698676950985e-01,1.237376449779491877e-01,5.568194024007714127e+00
7.631556008986720707e-01,2.543852002995573569e-01,5.532878106515372707e+00
7.840458244617614092e-01,3.920229122308807046e-01,5.488320771232329420e+00
8.049341650866451703e-01,5.366227767244301505e-01,5.433305614334854816e+00
8.256250993845377639e-01,6.880209161537814699e-01,5.366563145999495354e+00
8.458888522202896443e-01,8.458888522202896443e-01,5.286805326376811109e+00
8.654621351695425124e-01,1.009705824364466320e+00,5.192772811017254853e+00
8.840513624205088572e-01,1.178735149894011736e+00,5.083295333917925873e+00
9.013389194264155302e-01,1.352008379139623351e+00,4.957364056845285916e+00
9.169928638810441734e-01,1.528321439801740400e+00,4.814212535375482105e+00
9.306800811953775954e-01,1.706246815524858906e+00,4.653400405976888088e+00
9.420824063746314758e-01,1.884164812749262952e+00,4.474891430279499538e+00
9.509146221003927923e-01,2.060315014550850865e+00,4.279115799451767899e+00
9.569426673946799244e-01,2.232866223920920046e+00,4.067006336427389179e+00
9.600000000000000755e-01,2.400000000000000355e+00,3.840000000000000746e+00
9.600000000000000755e-01,2.560000000000000497e+00,3.600000000000000533e+00
9.569426673946799244e-01,2.711337557618259453e+00,3.349299335881379847e+00
9.509146221003927923e-01,2.852743866301178599e+00,3.090472521826276520e+00
9.420824063746314758e-01,2.983260953519666359e+00,2.826247219123894538e+00
9.306800811953775954e-01,3.102266937317925244e+00,2.559370223287288582e+00
9.169928638810441734e-01,3.209475023583654441e+00,2.292482159702610822e+00
9.013389194264155302e-01,3.304909371230190462e+00,2.028012568709435026e+00
8.840513624205088572e-01,3.388863555945283768e+00,1.768102724841017714e+00
8.654621351695425124e-01,3.461848540678170050e+00,1.514558736546699480e+00
8.458888522202896443e-01,3.524536884251207258e+00,1.268833278330434577e+00
8.256250993845377639e-01,3.577708763999663422e+00,1.032031374230672149e+00
8.049341650866451703e-01,3.622203742889903211e+00,8.049341650866452813e-01
7.840458244617614092e-01,3.658880514154886576e+00,5.880343683463210569e-01
7.631556008986720707e-01,3.688585404343581509e+00,3.815778004493360354e-01
7.424258698676950985e-01,3.712129349338475937e+00,1.856064674669237746e-01
7.219882051148202029e-01,3.730272393093237771e+00,7.761373204984317213e-06
7.952148752679131238e-01,5.260652251772348351e-06,5.505333751854783131e+00
8.177071028391706964e-01,1.258010927444878080e-01,5.472347534385219703e+00
8.404606389858065851e-01,2.586032735340943467e-01,5.430668744215982002e+00
8.633158302221951574e-01,3.984534601025516709e-01,5.379121711384447835e+00
8.860776295682960546e-01,5.452785412727976233e-01,5.316465777409776550e+00
9.085135251589958605e-01,6.988565578146122004e-01,5.241424183609592724e+00
9.303531470538670689e-01,8.587875203574157901e-01,5.152725122144494740e+00
9.512902532439829750e-01,1.024466426570443289e+00,5.049155959525755577e+00
9.709877930652524025e-01,1.195061899157233709e+00,4.929630334023589633e+00
9.890866139810934321e-01,1.369504542435360239e+00,4.793265898523761059e+00
1.005218074935176897e+00,1.546489346054118252e+00,4.639468038162354979e+00
1.019020342170506632e+00,1.724495963673165155e+00,4.468012269516837165e+00
1.030157507275425433e+00,1.901829244200785585e+00,4.279115799451767899e+00
1.038339982980133414e+00,2.076679965960266827e+00,4.073487625537445922e+00
1.043344060076666358e+00,2.247202590934358923e+00,3.852347298744614346e+00
1.045028232375582844e+00,2.411603613174422289e+00,3.617405419761633212e+00
1.043344060076666358e+00,2.568231532496409564e+00,3.370803886401538385e+00
1.038339982980133414e+00,2.715658417024964244e+00,3.115019948940400241e+00
1.030157507275425433e+00,2.852743866301178599e+00,2.852743866301178599e+00
1.019020342170506632e+00,2.978674846344557814e+00,2.586743945509747622e+00
1.005218074935176897e+00,3.092978692108236505e+00,2.319734019081177490e+00
9.890866139810934321e-01,3.195510599015840558e+00,2.054256813653040581e+00
9.709877930652524025e-01,3.286420222682393089e+00,1.792592848735850453e+00
9.512902532439829750e-01,3.366103973017170681e+00,1.536699639855664934e+00
9.303531470538670689e-01,3.435150081429663160e+00,1.288181280536123685e+00
9.085135251589958605e-01,3.494282789073061668e+00,1.048284836721918190e+00
8.860776295682960546e-01,3.544310518273184218e+00,8.179178119091964350e-01
8.633158302221951574e-01,3.586081140922964927e+00,5.976801901538275619e-01
8.404606389858065851e-01,3.620445829477321187e+00,3.879049103011414923e-01
8.177071028391706964e-01,3.648231689590146321e+00,1.887016391167317120e-01
7.952148752679131238e-01,3.670222501236522383e+00,7.890978377658522527e-06
8.694981316615766342e-01,5.341202808778255373e-06,5.403309818182654212e+00
8.939711995397413569e-01,1.277101713628201740e-01,5.363827197238448363e+00
9.186502008947013964e-01,2.624714859699146530e-01,5.315047590890772611e+00
9.433439687408927687e-01,4.042902723175254565e-01,5.255773540127830934e+00
9.678215817483969419e-01,5.530409038562267288e-01,5.184758473652125943e+00
9.918108857661402933e-01,7.084363469758144793e-01,5.100741698225863985e+00
1.014999207032179385e+00,8.699993203132965203e-01,5.002496091801454270e+00
1.037037037037037202e+00,1.037037037037037202e+00,4.888888888888889284e+00
1.057545404440697334e+00,1.208623319360796700e+00,4.758954319983137005e+00
1.076127418833723093e+00,1.383592395643358230e+00,4.611974652144526843e+00
1.092384040497218711e+00,1.560548629281740984e+00,4.447563593452962039e+00
1.105933507746710065e+00,1.737895512173401436e+00,4.265743529880166918e+00
1.116433111960460023e+00,1.913885334789359849e+00,4.067006336427389179e+00
1.123601295467179462e+00,2.086688120153332715e+00,3.852347298744614346e+00
1.127237555119864565e+00,2.254475110239729130e+00,3.623263570028135483e+00
1.127237555119864565e+00,2.415509046685423655e+00,3.381712665359593473e+00
1.123601295467179462e+00,2.568231532496409564e+00,3.130032180229998851e+00
1.116433111960460023e+00,2.711337557618259453e+00,2.870828002184039995e+00
1.105933507746710065e+00,2.843829019920111278e+00,2.606843268260102153e+00
1.092384040497218489e+00,2.965042395635307138e+00,2.340822943922610921e+00
1.076127418833723093e+00,3.074649768096351377e+00,2.075388593465037346e+00
1.057545404440697334e+00,3.172636213322091336e+00,1.812934979041195049e+00
1.037037037037037202e+00,3.259259259259259522e+00,1.555555555555555802e+00
1.014999207032179385e+00,3.334997394534302995e+00,1.304998980469944669e+00
9.918108857661402933e-01,3.400494465483909323e+00,1.062654520463721664e+00
9.678215817483969419e-01,3.456505649101417443e+00,8.295613557843400931e-01
9.433439687408927687e-01,3.503849026751887141e+00,6.064354084762881847e-01
9.186502008947013964e-01,3.543365060593848259e+00,3.937072289548719795e-01
8.939711995397413569e-01,3.575884798158965427e+00,1.915652570442302749e-01
8.694981316615766342e-01,3.602206545455102660e+00,8.011804213167382212e-06
9.444428250299725658e-01,5.414805530171842408e-06,5.288879820167846191e+00
9.707772025358603063e-01,1.294369603381146927e-01,5.242196893693645166e+00
9.972337429718004520e-01,2.659289981258134428e-01,5.185615463453362217e+00
1.023586790902410559e+00,4.094347163609641793e-01,5.117933954512052352e+00
1.049567142811979270e+00,5.597691428330556773e-01,5.037922285497501207e+00
1.074861545850027911e+00,7.165743639000186072e-01,4.944363110910128256e+00
1.099114958170967604e+00,8.792919665367741056e-01,4.836105815952258524e+00
1.121936388010148500e+00,1.047140628809472007e+00,4.712132829642623477e+00
1.142908976639189111e+00,1.219102908415135023e+00,4.571635906556755558e+00
1.161604638993549488e+00,1.393925566792259430e+00,4.414097628175488452e+00
1.177603007968289317e+00,1.570137343957719089e+00,4.239370828685841808e+00
1.190513685198817617e+00,1.746086738291599216e+00,4.047746529675979588e+00
1.200000000000000178e+00,1.920000000000000151e+00,3.840000000000000746e+00
1.205801806587211145e+00,2.090056464751165688e+00,3.617405419761633212e+00
1.207754523342711828e+00,2.254475110239729130e+00,3.381712665359593473e+00
1.205801806587211145e+00,2.411603613174422289e+00,3.135084697126748310e+00
1.200000000000000178e+00,2.560000000000000497e+00,2.880000000000000338e+00
1.190513685198817617e+00,2.698497686450652910e+00,2.619130107437398713e+00
1.177603007968289317e+00,2.826247219123894538e+00,2.355206015936578634e+00
1.161604638993549488e+00,2.942731752116992006e+00,2.090888350188389033e+00
1.142908976639189111e+00,3.047757271037837334e+00,1.828654362622702534e+00
1.121936388010148722e+00,3.141421886428416244e+00,1.570710943214208344e+00
1.099114958170967604e+00,3.224070543968172053e+00,1.318937949805161214e+00
1.074861545850027911e+00,3.296242073940085504e+00,1.074861545850027911e+00
1.049567142811979270e+00,3.358614856998333842e+00,8.396537142495834605e-01
1.023586790902410559e+00,3.411955969674701716e+00,6.141520745414462690e-01
9.972337429718005630e-01,3.457076975635575256e+00,3.988934971887202474e-01
9.707772025358603063e-01,3.494797929129096925e+00,1.941554405071720391e-01
9.444428250299725658e-01,3.525919880111897609e+00,8.122208295257764035e-06
1.019604780602508809e+00,5.480375695738484514e-06,5.161749201800200915e+00
1.047632967154642047e+00,1.309541208943302559e-01,5.107210714878879010e+00
1.075668232724502849e+00,2.689170581811257121e-01,5.042194840896107699e+00
1.103448275862068950e+00,4.137931034482758563e-01,4.965517241379310498e+00
1.130664405340117362e+00,5.653322026700586811e-01,4.875990248029256513e+00
1.156962441699499688e+00,7.231015260621872498e-01,4.772470072010436049e+00
1.181946968244988350e+00,8.864602261837413177e-01,4.653916187464641752e+00
1.205189723447535055e+00,1.054541008016593340e+00,4.519461462928257234e+00
1.226242664382955816e+00,1.226242664382955816e+00,4.368489491864280261e+00
1.244655746535062280e+00,1.400237714851945370e+00,4.200713144555836109e+00
1.259998769533052565e+00,1.574998461916315540e+00,4.016246077886604482e+00
1.271885813627462891e+00,1.748842993737761642e+00,3.815657440882388673e+00
1.280000000000000249e+00,1.920000000000000151e+00,3.600000000000000533e+00
1.284115766248204782e+00,2.086688120153332715e+00,3.370803886401538385e+00
1.284115766248204782e+00,2.247202590934358923e+00,3.130032180229998851e+00
1.280000000000000249e+00,2.400000000000000355e+00,2.880000000000000338e+00
1.271885813627462891e+00,2.543771627254925782e+00,2.623264490606642241e+00
1.259998769533052565e+00,2.677497385257736617e+00,2.362497692874473199e+00
1.244655746535062280e+00,2.800475429703890740e+00,2.100356572277918055e+00
1.226242664382955816e+00,2.912326327909520174e+00,1.839363996574433724e+00
1.205189723447535055e+00,3.012974308618837860e+00,1.581811512024890121e+00
1.181946968244988350e+00,3.102610791643094501e+00,1.329690339275611866e+00
1.156962441699499688e+00,3.181646714673624032e+00,1.084652289093280819e+00
1.130664405340117362e+00,3.250660165352837527e+00,8.479983040050880216e-01
1.103448275862068950e+00,3.310344827586206851e+00,6.206896551724138122e-01
1.075668232724502849e+00,3.361463227264071651e+00,4.033755872716885404e-01
1.047632967154642047e+00,3.404807143252586155e+00,1.964311813414953978e-01
1.019604780602508809e+00,3.441166134533467424e+00,8.220563543607726771e-06
1.094498725964357266e+00,5.536875907819689283e-06,5.021817683836462543e+00
1.124005328342386756e+00,1.322359209814572556e-01,4.958847036804646891e+00
1.153371003639689141e+00,2.713814126211033240e-01,4.884865427179859054e+00
1.182295842115225648e+00,4.172808854524325817e-01,4.798730182702974467e+00
1.210432052665137315e+00,5.696150836071234291e-01,4.699324439758768790e+00
1.237386692919626219e+00,7.278745252468389326e-01,4.585609509055085020e+00
1.262728299603952831e+00,8.913376232498489982e-01,4.456688116249245546e+00
1.285998106602797231e+00,1.059057264261127340e+00,4.311876004491732139e+00
1.306726151440949391e+00,1.229859907238540551e+00,4.150777186930074691e+00
1.324451958123753714e+00,1.402360896836915671e+00,3.973355874371261365e+00
1.338748692628868309e+00,1.574998461916315540e+00,3.779996308599157473e+00
1.349248843225326455e+00,1.746086738291599216e+00,3.571541055596452630e+00
1.355668778809129726e+00,1.913885334789359849e+00,3.349299335881379847e+00
1.357829208512482122e+00,2.076679965960266827e+00,3.115019948940400241e+00
1.355668778809129726e+00,2.232866223920920046e+00,2.870828002184039995e+00
1.349248843225326455e+00,2.381027370397635234e+00,2.619130107437398713e+00
1.338748692628868309e+00,2.519997539066105130e+00,2.362497692874473199e+00
1.324451958123753714e+00,2.648903916247507428e+00,2.103541345255373507e+00
1.306726151440949391e+00,2.767184791286716461e+00,1.844789860857810826e+00
1.285998106602797453e+00,2.874584002994488685e+00,1.588585896391691232e+00
1.262728299603952831e+00,2.971125410832830216e+00,1.337006434874773442e+00
1.237386692919626219e+00,3.057073006036723495e+00,1.091811787870258454e+00
1.210432052665137315e+00,3.132882959839179193e+00,8.544226254106851437e-01
1.182295842115225648e+00,3.199153455135316459e+00,6.259213281786488725e-01
1.153371003639689141e+00,3.256576951453240554e+00,4.070721189316550692e-01
1.124005328342386756e+00,3.305898024536431556e+00,1.983538814721858834e-01
1.094498725964357266e+00,3.347878455890974880e+00,8.305313861729533500e-06
1.168609451689013534e+00,5.583356269180841807e-06,4.869206048704223022e+00
1.199333888374985113e+00,1.332593209305538984e-01,4.797335553499940453e+00
1.229736574233279311e+00,2.732747942740620384e-01,4.713990201227569621e+00
1.259480571374375302e+00,4.198268571247917302e-01,4.618095428372710032e+00
1.288181280536123685e+00,5.725250135716105637e-01,4.508634481876432787e+00
1.315411371435365240e+00,7.307840952418696023e-01,4.384704571451218058e+00
1.340710060902945644e+00,8.938067072686304293e-01,4.245581859525994872e+00
1.363597234341426434e+00,1.060575626709998387e+00,4.090791703024279080e+00
1.383592395643358230e+00,1.229859907238540551e+00,3.920178454322848172e+00
1.400237714851945370e+00,1.400237714851945370e+00,3.733967239605187061e+00
1.413123609561947269e+00,1.570137343957719089e+00,3.532809023904867729e+00
1.421914509960055639e+00,1.737895512173401436e+00,3.317800523240130417e+00
1.426371933150589300e+00,1.901829244200785585e+00,3.090472521826276520e+00
1.426371933150589300e+00,2.060315014550850865e+00,2.852743866301178599e+00
1.421914509960055639e+00,2.211867015493420130e+00,2.606843268260102153e+00
1.413123609561947269e+00,2.355206015936578634e+00,2.355206015936578634e+00
1.400237714851945370e+00,2.489311493070124559e+00,2.100356572277918055e+00
1.383592395643358230e+00,2.613452302881898781e+00,1.844789860857810826e+00
1.363597234341426434e+00,2.727194468682852868e+00,1.590863440064997469e+00
1.340710060902945644e+00,2.830387906350662952e+00,1.340710060902945644e+00
1.315411371435365240e+00,2.923136380967478409e+00,1.096176142862804515e+00
1.288181280536123685e+00,3.005756321250955043e+00,8.587875203574157901e-01
1.259480571374375302e+00,3.078730285581806392e+00,6.297402856871876509e-01
1.229736574233279311e+00,3.142660134151713081e+00,4.099121914110930298e-01
1.199333888374985113e+00,3.198223702333293783e+00,1.998889813958308337e-01
1.168609451689013534e+00,3.246137365802815200e+00,8.375034403771263133e-06
1.241405888729897322e+00,5.618995075303745100e-06,4.704274946765925947e+00
1.273047899328335397e+00,1.340050420345616222e-01,4.623173950192375870e+00
1.304156623803702342e+00,2.745592892218320924e-01,4.530228272160229608e+00
1.334360475719184924e+00,4.213769923323741340e-01,4.424458419489928573e+00
1.363242406334933099e+00,5.739968026673402113e-01,4.304976020005051751e+00
1.390347293202744305e+00,7.317617332646022543e-01,4.171041879608233138e+00
1.415193953175331476e+00,8.938067072686304293e-01,4.022130182708837154e+00
1.437292001497244121e+00,1.059057264261127340e+00,3.857994319808391914e+00
1.456163163954760087e+00,1.226242664382955816e+00,3.678727993148867448e+00
1.471365876058496003e+00,1.393925566792259430e+00,3.484813916980648685e+00
1.482521197817654013e+00,1.560548629281740984e+00,3.277152121491655912e+00
1.489337423172278907e+00,1.724495963673165155e+00,3.057061026511520119e+00
1.491630476759833179e+00,1.884164812749262952e+00,2.826247219123894538e+00
1.489337423172278907e+00,2.038040684341013264e+00,2.586743945509747622e+00
1.482521197817653569e+00,2.184768080994436978e+00,2.340822943922610921e+00
1.471365876058496003e+00,2.323209277987098975e+00,2.090888350188389033e+00
1.456163163954760087e+00,2.452485328765911632e+00,1.839363996574433724e+00
1.437292001497244343e+00,2.571996213205594906e+00,1.588585896391691232e+00
1.415193953175331476e+00,2.681420121805891288e+00,1.340710060902945644e+00
1.390347293202744527e+00,2.780694586405489055e+00,1.097642599896903493e+00
1.363242406334932877e+00,2.869984013336700723e+00,8.609952040010101504e-01
1.334360475719184924e+00,2.949638946326619049e+00,6.320654884985612565e-01
1.304156623803702342e+00,3.020152181440153072e+00,4.118389338327481664e-01
1.273047899328335397e+00,3.082115966794916950e+00,2.010075630518424195e-01
1.241405888729897322e+00,3.136183297843950779e+00,8.428492612955618073e-06
1.312357429848267198e+00,5.643136948347549482e-06,4.527633132976522035e+00
1.344585290905628616e+00,1.344585290905628561e-01,4.437131459988574278e+00
1.376041832307562940e+00,2.752083664615125880e-01,4.334531771768823205e+00
1.406325107869260016e+00,4.218975323607779826e-01,4.218975323607780048e+00
1.434992006668350362e+00,5.739968026673401003e-01,4.089727219004798187e+00
1.461568190483739205e+00,7.307840952418696023e-01,3.946234114306095719e+00
1.485562705416415108e+00,8.913376232498489982e-01,3.788184898811858492e+00
1.506487154309418930e+00,1.054541008016593340e+00,3.615569170342605165e+00
1.523878635518918667e+00,1.219102908415135023e+00,3.428726929917567112e+00
1.537324884048175688e+00,1.383592395643358230e+00,3.228382256501169500e+00
1.546489346054118252e+00,1.546489346054118252e+00,3.015654224805530692e+00
1.551133468658962622e+00,1.706246815524858906e+00,2.792040243586132675e+00
1.551133468658962622e+00,1.861360162390755191e+00,2.559370223287288582e+00
1.546489346054118252e+00,2.010436149870353795e+00,2.319734019081177490e+00
1.537324884048175688e+00,2.152254837667446186e+00,2.075388593465037346e+00
1.523878635518918667e+00,2.285817953278378223e+00,1.828654362622702534e+00
1.506487154309418930e+00,2.410379446895070110e+00,1.581811512024890121e+00
1.485562705416415108e+00,2.525456599207905661e+00,1.337006434874773442e+00
1.461568190483739205e+00,2.630822742870730480e+00,1.096176142862804515e+00
1.434992006668350362e+00,2.726484812669865754e+00,8.609952040010101504e-01
1.406325107869260016e+00,2.812650215738520032e+00,6.328462985411669184e-01
1.376041832307562940e+00,2.889687847845882285e+00,4.128125496922688820e-01
1.344585290905628616e+00,2.958087639992383000e+00,2.016877936358442702e-01
1.312357429848267421e+00,3.018422088651015134e+00,8.464705422521325918e-06
1.380951493363620886e+00,5.655325163298638189e-06,4.340133264857094275e+00
1.413412535085735611e+00,1.346107176272129113e-01,4.240237605257206610e+00
1.444843923922941142e+00,2.752083664615125880e-01,4.128125496922688598e+00
1.474819473163309524e+00,4.213769923323741340e-01,4.003081427157554550e+00
1.502878160625477522e+00,5.725250135716105637e-01,3.864543841608370833e+00
1.528536503018361747e+00,7.278745252468389326e-01,3.712160078758878434e+00
1.551305395821547251e+00,8.864602261837413177e-01,3.545840904734965271e+00
1.570710943214207900e+00,1.047140628809472007e+00,3.365809164030445721e+00
1.586318106661045668e+00,1.208623319360796700e+00,3.172636213322092225e+00
1.597755299507920279e+00,1.369504542435360239e+00,2.967259841943280296e+00
1.604737511791827220e+00,1.528321439801740400e+00,2.750978591643132631e+00
1.607085336766099770e+00,1.683613209945438172e+00,2.525419814918157257e+00
1.604737511791827220e+00,1.833985727762088347e+00,2.292482159702610822e+00
1.597755299507920279e+00,1.978173227962186864e+00,2.054256813653040581e+00
1.586318106661045668e+00,2.115090808881394668e+00,1.812934979041195049e+00
1.570710943214208122e+00,2.243872776020297444e+00,1.570710943214208344e+00
1.551305395821547251e+00,2.363893936489976699e+00,1.329690339275611866e+00
1.528536503018361747e+00,2.474773385839252438e+00,1.091811787870258454e+00
1.502878160625477522e+00,2.576362561072247370e+00,8.587875203574157901e-01
1.474819473163309524e+00,2.668720951438369848e+00,6.320654884985612565e-01
1.444843923922941142e+00,2.752083664615125880e+00,4.128125496922688820e-01
1.413412535085735611e+00,2.826825070171471221e+00,2.019160764408193809e-01
1.380951493363620886e+00,2.893422176571396331e+00,8.482987744947958130e-06
1.446711088285698166e+00,5.655325163298638189e-06,4.142854480090862879e+00
1.479043819996191500e+00,1.344585290905628561e-01,4.033755872716885627e+00
1.510076090720076536e+00,2.745592892218320924e-01,3.912469871411107025e+00
1.539365142790903196e+00,4.198268571247917302e-01,3.778441714123125905e+00
1.566441479919589597e+00,5.696150836071234291e-01,3.631296157995412166e+00
1.590823357336812016e+00,7.231015260621872498e-01,3.470887325098499065e+00
1.612035271984086027e+00,8.792919665367741056e-01,3.297344874512902813e+00
1.629629629629629761e+00,1.037037037037037202e+00,3.111111111111111605e+00
1.643210111341196544e+00,1.195061899157233709e+00,2.912963379195756985e+00
1.652454685615095231e+00,1.352008379139623351e+00,2.704016758279246702e+00
1.657135869740360645e+00,1.506487154309418708e+00,2.485703804610540857e+00
1.657135869740360645e+00,1.657135869740360645e+00,2.259730731464128173e+00
1.652454685615095231e+00,1.802677838852831060e+00,2.028012568709435026e+00
1.643210111341196544e+00,1.941975586130504805e+00,1.792592848735850453e+00
1.629629629629629761e+00,2.074074074074074403e+00,1.555555555555555802e+00
1.612035271984086027e+00,2.198229916341935208e+00,1.318937949805161214e+00
1.590823357336812016e+00,2.313924883398999377e+00,1.084652289093280819e+00
1.566441479919589597e+00,2.420864105330274629e+00,8.544226254106851437e-01
1.539365142790903196e+00,2.518961142748750603e+00,6.297402856871876509e-01
1.510076090720076536e+00,2.608313247607404683e+00,4.118389338327481664e-01
1.479043819996191500e+00,2.689170581811257232e+00,2.016877936358442702e-01
1.446711088285698166e+00,2.761902986727241771e+00,8.482987744947958130e-06
1.509211044325507345e+00,5.643136948347549482e-06,3.937072289544801595e+00
1.541057983397458475e+00,1.340050420345616222e-01,3.819143697985006192e+00
1.571330067075856540e+00,2.732747942740620384e-01,3.689209722699837712e+00
1.599576727567658230e+00,4.172808854524325817e-01,3.546887526345677166e+00
1.625330082676418764e+00,5.653322026700586811e-01,3.391993216020352087e+00
1.648121036970042752e+00,7.165743639000186072e-01,3.224584637550083954e+00
1.667498697267151497e+00,8.699993203132965203e-01,3.044997621096538154e+00
1.683051986508585340e+00,1.024466426570443289e+00,2.853870759731949036e+00
1.694431777972641884e+00,1.178735149894011736e+00,2.652154087261526350e+00
1.701371459347210902e+00,1.331508098619556657e+00,2.441098180802520279e+00
1.703703703703703498e+00,1.481481481481481399e+00,2.222222222222222321e+00
1.701371459347210902e+00,1.627398787201680186e+00,1.997262147929335097e+00
1.694431777972641884e+00,1.768102724841017714e+00,1.768102724841017714e+00
1.683051986508585340e+00,1.902580506487965950e+00,1.536699639855664934e+00
1.667498697267151497e+00,2.029998414064358769e+00,1.304998980469944669e+00
1.648121036970042752e+00,2.149723091700055821e+00,1.074861545850027911e+00
1.625330082676418764e+00,2.261328810680234724e+00,8.479983040050880216e-01
1.599576727567658230e+00,2.364591684230451296e+00,6.259213281786488725e-01
1.571330067075856540e+00,2.459473148466558623e+00,4.099121914110930298e-01
1.541057983397458475e+00,2.546095798656670794e+00,2.010075630518424195e-01
1.509211044325507567e+00,2.624714859696534841e+00,8.464705422521325918e-06
1.568091648921975390e+00,5.618995075303745100e-06,3.724217666189692189e+00
1.599111851166646892e+00,1.332593209305538984e-01,3.598001665124955117e+00
1.628288475726620277e+00,2.713814126211033795e-01,3.460113010919067200e+00
1.655172413793103425e+00,4.137931034482758563e-01,3.310344827586206851e+00
1.679307428499166921e+00,5.597691428330556773e-01,3.148701428435937810e+00
1.700247232741954662e+00,7.084363469758144793e-01,2.975432657298420658e+00
1.717575040714831580e+00,8.587875203574157901e-01,2.791059441161601207e+00
1.730924270339085025e+00,1.009705824364466320e+00,2.596386405508627426e+00
1.739998640626593041e+00,1.159999093751062027e+00,2.392498130861565819e+00
1.744589674043553584e+00,1.308442255532665355e+00,2.180737092554442036e+00
1.744589674043553584e+00,1.453824728369627950e+00,1.962663383298997921e+00
1.739998640626593041e+00,1.594998753907710398e+00,1.739998640626593041e+00
1.730924270339085025e+00,1.730924270339085025e+00,1.514558736546699480e+00
1.717575040714831580e+00,1.860706294107734138e+00,1.288181280536123685e+00
1.700247232741954662e+00,1.983621771532280587e+00,1.062654520463721664e+00
1.679307428499166921e+00,2.099134285623958540e+00,8.396537142495834605e-01
1.655172413793103425e+00,2.206896551724137900e+00,6.206896551724138122e-01
1.628288475726620277e+00,2.306742007279378281e+00,4.070721189316550692e-01
1.599111851166646892e+00,2.398667776749970226e+00,1.998889813958308337e-01
1.568091648921975390e+00,2.482811777459794644e+00,8.428492612955618073e-06
1.623068682901407822e+00,5.583356269180842654e-06,3.505828355067040825e+00
1.652949012268215778e+00,1.322359209814572556e-01,3.372015985027160490e+00
1.680731613632035826e+00,2.689170581811257121e-01,3.227004698173508324e+00
1.705977984837350858e+00,4.094347163609641793e-01,3.070760372707231678e+00
1.728252824550708722e+00,5.530409038562267288e-01,2.903464745245190937e+00
1.747141394536530834e+00,6.988565578146122004e-01,2.725540575476987470e+00
1.762268442125603629e+00,8.458888522202896443e-01,2.537666556660869155e+00
1.773317255329771802e+00,9.930576629846722403e-01,2.340778777035298575e+00
1.780047136272260966e+00,1.139230167214246858e+00,2.136056563526713248e+00
1.782307514498797651e+00,1.283261410439134442e+00,1.924892115658701552e+00
1.780047136272260966e+00,1.424037709017808684e+00,1.708845250821370287e+00
1.773317255329771802e+00,1.560519184690199124e+00,1.489586494477008305e+00
1.762268442125603629e+00,1.691777704440579289e+00,1.268833278330434577e+00
1.747141394536530834e+00,1.817027050317991721e+00,1.048284836721918190e+00
1.728252824550708722e+00,1.935643163496793884e+00,8.295613557843400931e-01
1.705977984837350858e+00,2.047173581804821119e+00,6.141520745414462690e-01
1.680731613632035826e+00,2.151336465449005697e+00,4.033755872716885404e-01
1.652949012268215778e+00,2.248010656684773512e+00,1.983538814721858834e-01
1.623068682901407600e+00,2.337218903378027068e+00,8.375034403771263133e-06
1.673939227945487662e+00,5.536875907819690130e-06,3.283496177893071799e+00
1.702403571626293077e+00,1.309541208943302559e-01,3.142898901463926364e+00
1.728538487817787628e+00,2.659289981258134983e-01,2.991701228915401689e+00
1.751924513375943571e+00,4.042902723175254565e-01,2.830031906222678195e+00
1.772155259136592109e+00,5.452785412727976233e-01,2.658232888704888275e+00
1.788854381999831711e+00,6.880209161537814699e-01,2.476875298153613514e+00
1.801693214555616152e+00,8.315507144102844972e-01,2.286764464628282312e+00
1.810407621939257305e+00,9.748348733519079934e-01,2.088931871468374002e+00
1.814812513175417807e+00,1.116807700415641813e+00,1.884612994451395629e+00
1.814812513175417807e+00,1.256408662967597012e+00,1.675211550623462831e+00
1.810407621939257305e+00,1.392621247645582594e+00,1.462252310027861935e+00
1.801693214555616152e+00,1.524509643085521615e+00,1.247326071615426635e+00
1.788854381999831711e+00,1.651250198769075528e+00,1.032031374230672149e+00
1.772155259136592109e+00,1.772155259136592109e+00,8.179178119091964350e-01
1.751924513375943571e+00,1.886687937481785537e+00,6.064354084762881847e-01
1.728538487817787628e+00,1.994467485943601126e+00,3.988934971887202474e-01
1.702403571626293077e+00,2.095265934309284095e+00,1.964311813414953978e-01
1.673939227945487440e+00,2.188997451928714533e+00,8.305313861729533500e-06
1.720583067266733712e+00,5.480375695738484514e-06,3.058814341807526205e+00
1.747398964564548463e+00,1.294369603381146927e-01,2.912331607607581141e+00
1.771682530296924130e+00,2.624714859699146530e-01,2.755950602684104300e+00
1.793040570461482464e+00,3.984534601025516709e-01,2.589947490666585583e+00
1.811101871444951605e+00,5.366227767244301505e-01,2.414802495259935622e+00
1.825533190213596058e+00,6.761234037828133259e-01,2.231207232483284120e+00
1.836055082478724065e+00,8.160244811016551525e-01,2.040061202754137604e+00
1.842456223624338918e+00,9.553476715089165294e-01,1.842456223624338918e+00
1.844604861349918634e+00,1.093099177096248154e+00,1.639648765644372119e+00
1.842456223624339140e+00,1.228304149082892760e+00,1.433021507263374961e+00
1.836055082478724065e+00,1.360040801836091884e+00,1.224036721652482784e+00
1.825533190213596058e+00,1.487471488322189339e+00,1.014185105674219933e+00
1.811101871444951605e+00,1.609868330173290341e+00,8.049341650866452813e-01
1.793040570461482464e+00,1.726631660444390315e+00,5.976801901538275619e-01
1.771682530296924130e+00,1.837300401789402793e+00,3.937072289548719795e-01
1.747398964564548463e+00,1.941554405071720613e+00,1.941554405071720391e-01
1.720583067266733712e+00,2.039209561205017618e+00,8.220563543607726771e-06
1.762959940055948804e+00,5.414805530171842408e-06,2.833328475089917475e+00
1.787942399079482714e+00,1.277101713628201740e-01,2.681913598619224182e+00
1.810222914738660593e+00,2.586032735340943467e-01,2.521381916957419644e+00
1.829440257077443288e+00,3.920229122308807046e-01,2.352137473385284228e+00
1.845262737693022848e+00,5.272179250551493057e-01,2.174773940852491094e+00
1.857402755058646493e+00,6.633581268066593983e-01,1.990074380419978084e+00
1.865630493027754744e+00,7.995559255833234458e-01,1.799000832562477559e+00
1.869785577223697981e+00,9.348927886118489905e-01,1.602673351906026555e+00
1.869785577223697981e+00,1.068448901270684370e+00,1.402339182917773375e+00
1.865630493027754744e+00,1.199333888374985113e+00,1.199333888374985113e+00
1.857402755058646493e+00,1.326716253613318797e+00,9.950371902099890420e-01
1.845262737693022848e+00,1.449849293901660729e+00,7.908268875827240141e-01
1.829440257077443288e+00,1.568091648923522818e+00,5.880343683463210569e-01
1.810222914738660593e+00,1.680921277971613170e+00,3.879049103011414923e-01
1.787942399079482714e+00,1.787942399079482714e+00,1.915652570442302749e-01
1.762959940055948804e+00,1.888885650059945132e+00,8.122208295257764035e-06
1.801103272727551330e+00,5.341202808778255373e-06,2.608494394984729681e+00
1.824115844795073160e+00,1.258010927444878080e-01,2.453121308517512311e+00
1.844292702171790754e+00,2.543852002995573569e-01,2.289466802696016323e+00
1.861308577036472345e+00,3.850983262834080656e-01,2.118040794558744722e+00
1.874873733122183861e+00,5.172065470681886934e-01,1.939524551505707795e+00
1.884746754168719951e+00,6.499126738512827073e-01,1.754764219398463609e+00
1.890745963252544515e+00,7.823776399665701708e-01,1.564755279933140120e+00
1.892758466178028787e+00,9.137454664307727015e-01,1.370618199646159052e+00
1.890745963252544515e+00,1.043170186622093487e+00,1.173566459949855201e+00
1.884746754168719951e+00,1.169842812932309073e+00,9.748690107769240054e-01
1.874873733122184305e+00,1.293016367670472011e+00,7.758098206022832066e-01
1.861308577036472345e+00,1.412027196372496407e+00,5.776474894251121261e-01
1.844292702171790754e+00,1.526311201797344141e+00,3.815778004493360354e-01
1.824115844795073160e+00,1.635414205678341393e+00,1.887016391167317120e-01
1.801103272727551330e+00,1.738996263323153268e+00,8.011804213167382212e-06
1.835111250618261192e+00,5.260652251772348351e-06,2.385644625803739594e+00
1.856064674669237968e+00,1.237376449779491877e-01,2.227277609603085295e+00
1.874085142663272974e+00,2.498780190217697317e-01,2.061493656929600515e+00
1.888885650061675969e+00,3.777771300123351494e-01,1.888885650061675747e+00
1.900219065658609097e+00,5.067250841756291146e-01,1.710197159092748276e+00
1.907889002246679899e+00,6.359630007488933368e-01,1.526311201797343919e+00
1.911758963631498665e+00,7.647035854525994214e-01,1.338231274542049043e+00
1.911758963631498220e+00,8.921541830280326213e-01,1.147055378178899021e+00
1.907889002246680121e+00,1.017540801198229428e+00,9.539445011233400606e-01
1.900219065658609097e+00,1.140131439395165591e+00,7.600876262634437275e-01
1.888885650061675969e+00,1.259257100041117239e+00,5.666656950185027242e-01
1.874085142663272752e+00,1.374329104619733455e+00,3.748170285326545281e-01
1.856064674669237968e+00,1.484851739735390197e+00,1.856064674669237746e-01
1.835111250618261192e+00,1.590429750535826248e+00,7.890978377658522527e-06
1.865136196546618885e+00,5.174248803322878424e-06,2.165964615344460498e+00
1.883985088934568175e+00,1.215474250925527994e-01,2.005532514027121405e+00
1.899839380411276313e+00,2.451405652143582303e-01,1.838554239107686783e+00
1.912451065274470619e+00,3.701518190853814172e-01,1.665683185884216710e+00
1.921614754858605334e+00,4.959005818989949965e-01,1.487701745696984990e+00
1.927176603696648449e+00,6.216698721602091915e-01,1.305506731536439480e+00
1.929041312989870693e+00,7.467256695444660641e-01,1.120088504316699041e+00
1.927176603696648449e+00,8.703378210242930235e-01,9.325048082403137872e-01
1.921614754858605112e+00,9.918011637979897710e-01,7.438508728484922727e-01
1.912451065274470619e+00,1.110455457256144474e+00,5.552277286280721258e-01
1.899839380411276535e+00,1.225702826071791485e+00,3.677108478215374010e-01
1.883985088934568175e+00,1.337021676018080862e+00,1.823211376388292060e-01
1.865136196546618885e+00,1.443976410229640406e+00,7.761373204984317213e-06
1.891373198608206296e+00,5.083065471259554066e-06,1.950478611064712764e+00
1.908111340799820699e+00,1.192569587999887937e-01,1.788854381999831933e+00
1.921826603322253746e+00,2.402283254152817182e-01,1.621541196553151654e+00
1.932309371645339002e+00,3.623080071835010907e-01,1.449232028734004363e+00
1.939393939393939226e+00,4.848484848484848064e-01,1.272727272727272707e+00
1.942965570300532185e+00,6.071767407189163634e-01,1.092918133294049410e+00
1.942965570300532185e+00,7.286120888626995695e-01,9.107651110783745452e-01
1.939393939393939670e+00,8.484848484848486194e-01,7.272727272727274039e-01
1.932309371645339002e+00,9.661546858226695011e-01,5.434620107752516915e-01
1.921826603322253746e+00,1.081027464368767843e+00,3.603424881229225774e-01
1.908111340799820699e+00,1.192569587999887881e+00,1.788854381999832044e-01
1.891373198608206296e+00,1.300319074043141843e+00,7.624598206889331522e-06
1.914048808865459028e+00,4.988127198861498919e-06,1.740044371695871783e+00
1.928703586216451660e+00,1.168911264373607012e-01,1.578030206904369681e+00
1.940337405724920972e+00,2.351924128151419158e-01,1.411154476890851495e+00
1.948777364679725732e+00,3.543231572144955321e-01,1.240131050250734557e+00
1.953894513177212078e+00,4.736713971338695761e-01,1.065760643551206588e+00
1.955609208121667386e+00,5.926088509459597198e-01,8.889132764189395797e-01
1.953894513177212078e+00,7.105070957008043919e-01,7.105070957008043919e-01
1.948777364679725732e+00,8.267540335004897045e-01,5.314847358217432705e-01
1.940337405724920528e+00,9.407696512605675521e-01,3.527886192227128181e-01
1.928703586216451660e+00,1.052020137936246380e+00,1.753366896560410448e-01
1.914048808865459028e+00,1.160029581130581189e+00,7.482190798292248379e-06
1.933410455721578991e+00,4.890391152707523122e-06,1.535355361896548310e+00
1.946036943909284389e+00,1.144727614064284943e-01,1.373673136877141987e+00
1.955670849046372561e+00,2.300789234172203046e-01,1.207914347940406863e+00
1.962173513204188424e+00,3.462659140948567971e-01,1.038797742284570447e+00
1.965449264254672146e+00,4.624586504128640474e-01,8.671099695241200056e-01
1.965449264254672146e+00,5.780733130160800037e-01,6.936879756192960711e-01
1.962173513204188424e+00,6.925318281897135941e-01,5.193988711422852234e-01
1.955670849046372783e+00,8.052762319602713159e-01,3.451183851258304847e-01
1.946036943909284389e+00,9.157820912514279543e-01,1.717091421096427484e-01
1.933410455721578991e+00,1.023570241264365466e+00,7.335586729061284683e-06
1.949717013142336253e+00,4.790733232292597357e-06,1.336948809011887729e+00
1.960392117639213616e+00,1.120224067222407721e-01,1.176235270583528392e+00
1.968125449904366331e+00,2.249286228462132886e-01,1.012178802807959688e+00
1.972809610714395534e+00,3.381959332653249328e-01,8.454898331633122766e-01
1.974378445642813729e+00,4.512865018612145507e-01,6.769297527918218815e-01
1.972809610714395534e+00,5.636598887755415177e-01,5.072938998979874548e-01
1.968125449904366331e+00,6.747858685386398658e-01,3.373929342693199329e-01
1.960392117639213616e+00,7.841568470556855575e-01,1.680336100833611512e-01
1.949717013142336031e+00,8.912992060079250045e-01,7.186099848438896035e-06
1.963230779335813247e+00,4.689940195079998020e-06,1.145217954612557820e+00
1.972047728393196309e+00,1.095582071329553459e-01,9.860238641965981543e-01
1.977992120861121972e+00,2.197769023179024228e-01,8.241633836921340439e-01
1.980984546355503362e+00,3.301640910592505418e-01,6.603281821185010836e-01
1.980984546355503362e+00,4.402187880790007224e-01,4.952461365888758404e-01
1.977992120861121972e+00,5.494422557947560293e-01,3.296653534768536620e-01
1.972047728393196309e+00,6.573492427977321029e-01,1.643373106994330257e-01
1.963230779335813247e+00,7.634786364083718802e-01,7.034910292619996606e-06
1.974210955493871378e+00,4.588706545201970904e-06,9.604269513213428144e-01
1.981274344626163808e+00,1.070959105203331818e-01,8.032193289024989191e-01
1.985548943650442766e+00,2.146539398541019161e-01,6.439618195623058039e-01
1.986979970101902637e+00,3.222129681246328481e-01,4.833194521869492721e-01
1.985548943650442766e+00,4.293078797082038323e-01,3.219809097811529019e-01
1.981274344626163808e+00,5.354795526016659091e-01,1.606438657804997727e-01
1.974210955493871378e+00,6.402846342142285430e-01,6.883059817802956356e-06
1.982908591083839545e+00,4.487635232452899978e-06,7.827270754278314868e-01
1.988330087439898364e+00,1.046489519705209731e-01,6.278937118231258108e-01
1.991057564836535176e+00,2.095850068248984455e-01,4.715662653560215301e-01
1.991057564836535176e+00,3.143775102373476682e-01,3.143775102373476682e-01
1.988330087439898364e+00,4.185958078820838923e-01,1.569734279557814527e-01
1.982908591083839545e+00,5.218180502852209912e-01,6.731452848679349967e-06
1.989562877220907966e+00,4.387241216435848122e-06,6.121731929910486647e-01
1.993457620676786890e+00,1.022285959321429238e-01,4.600286816946431157e-01
1.994760960221501511e+00,2.045908677150257982e-01,3.068863015725387111e-01
1.993457620676786890e+00,3.066857877964287438e-01,1.533428938982143719e-01
1.989562877220907966e+00,4.081154619940324246e-01,6.580861824653772607e-06
1.994398619775767045e+00,4.287957032517899082e-06,4.487396894495476185e-01
1.996882305197271501e+00,9.984411525986357228e-02,2.995323457795907029e-01
1.996882305197271501e+00,1.996882305197271446e-01,1.497661728897953515e-01
1.994398619775767045e+00,2.991597929663650790e-01,6.431935548776848623e-06
1.997624702248697481e+00,4.190139619350926338e-06,2.923353222802971829e-01
1.998811292614157242e+00,9.750298988361741359e-02,1.462544848254261343e-01
1.997624702248697481e+00,1.948902148535314460e-01,6.285209429026389084e-06
1.999433347487225010e+00,4.094077806759556115e-06,1.428166676776589372e-01
1.999433347487225010e+00,9.521111178510596740e-02,6.141116710139334596e-06
1.999999999997999822e+00,3.999999999995999282e-06,5.999999999993998924e-06
